Artist,0
bladee1000,46
uiceheidd,27
jahseh-onfroy,17
thaiboy-digital,14
axxturel,13
gravityboys,13
poorstacy,12
liluzivert,11
ca-hed-cobraz,10
slurmusik,10
lil_peep,9
curseweb,8
k1zetsu,8
deathproofinc,8
funeral,8
syrus-aslam,8
janeremover,7
shamanabeats,7
oddly-shrugs,7
poptropicaslutz,7
sepheuranz,6
kndkidsnextdoor,6
wido123456789,6
dineh-pandian,6
kiryano,6
jonatanleandoer127,6
045435,6
unaccounted,5
urbeautifulskin,5
jonatanleandoer96,5
xyci,5
whirr-official,5
hateshay,5
snowblowerr,5
lil-skies,5
ylerdom,5
blxtea,5
6fterlife,5
bloody-prada-512248425,5
drewskeebb,5
dreamcache,5
lost8,5
sellasouls,5
diamondsonmydickk,5
deftones_official,5
garziotr,4
capoxxo,4
user-817215141,4
gleekoz,4
digiaches,4
bliss3three,4
djsin37,4
emotegi,4
baofumo,4
wesley-mcdaniel-2,4
glossgawd,4
bydion,4
yungbruhreuploaded1,4
posterboy2000,4
lor2mg,4
lungskull,4
xxfuneral,4
luvlxckdown,4
slaywitme,4
yungbruhdiscog,4
iceshit_iano,4
pluggdn,3
maziwithapushstart,3
user-309433981,3
nastynoona,3
user-817989090,3
papirex23,3
p3r0x1d3,3
overpade,3
loverboyrando,3
nyixlo,3
djxchopper,3
limbowithnell,3
rrayhtx,3
hexxmob,3
lilskil,3
liltracy02,3
essupiksu,3
iheartasianbitches,3
h4rry5,3
img0r3,3
graveface,3
gothboiclique,3
braindaamage,3
souvlakiss,3
jermiaham,3
juerrilla,3
fuckshrimp,3
ugly3k,3
fax-gang,3
kidtrashpop,3
killaud,3
shane-behringer,3
eyedress,3
leovisaa,3
ssavi98,3
oaf1,3
whereisnomu,3
weezer,3
1-st4t1c,3
wstdyth,3
apollotrash,3
yunggemfgsl,3
vera-cosmo-112338135,3
4sprinks,3
3exosphere,3
uknosip,2
auxcords,2
ripjank,2
artofdopemusic,2
tsu_baki002,2
lixonabolote,2
gaurav-singh-167916841,2
yung-bruh-3,2
glaretx,2
occcti,2
availover,2
ezekiel40,2
axeluano,2
6dogsgnarly,2
whirr-reposted,2
explodinginsoundrecords,2
yung-lean-doer,2
relapserecords,2
elusin13,2
rayrockman1,2
eera0,2
eclipse-32,2
majinblxxdy,2
user-22222222222222222,2
dxrknyx,2
dsa-sfsafds,2
trbldboy,2
topshelfrecords,2
wojtczix,2
drew-auscherman,2
aijn,2
kanyewest,2
soul_feeder,2
shouiyo,2
joellamarley,2
kennytheuniverse-23555,2
xandy2,2
adam47,2
acidsouljah,2
aloegarten,2
j55n01,2
yabujin_archive,2
isaac-clarke-85176,2
user-996692233,2
superheaven,2
sh1att,2
ilovelilshine,2
iloveguap,2
youngburial,2
ihateshinigami,2
scruffpuppie,2
hitoken,2
7eears,2
hexxarchive_4,2
youngkeygen,2
wrldwide_1,2
lilac,2
ryan-cc,2
guopcollector,2
rahnrahn-splash,2
user-dedwavy,2
dark-light-ssp,2
blackarmour,2
mhayvv,2
mid-airthief,2
calamitygg,2
ooskully,2
defficile,2
nobleb3ck,2
ceasetwoexist,2
user-479787906,2
nitemare01,2
mixedmatches-1,2
nineishuman,2
monocryy,2
0megafactor,2
crescentxx,2
n4ra,2
p1x2001,2
pastelghost,2
devstacks,2
coloredhearts,2
meggothrasher,2
boob7,2
dissolve4,2
prettydemonassociation,2
beachhouse,2
075,2
oetavia,1
sayrocket,1
sbgmovement1,1
scarlxrd,1
scarletxweb,1
xvap,1
schoolshooters,1
octoberisover,1
overlander-music,1
skoo-ufonism,1
ox7genn,1
sammisas,1
sawkeepsie,1
saliva,1
sleepwalker677,1
sagesember,1
zenotama,1
sadcvm,1
slimeybignut,1
youngdumnumb,1
sadboiraccoon,1
painfulness,1
pak9,1
scum-baggie,1
semataryy,1
secretwebcamgirl,1
over7000000,1
sheffmade,1
okage00,1
shimmernox,1
shaw333,1
okgo123,1
oliv3rr,1
shanty-vlogs,1
oddbrobi,1
y7x,1
shinkai-773056064,1
octobersveryown,1
orchid_mantis,1
yenkuma,1
sh_w,1
sad-slowed-down,1
shyguynashville,1
oreodip,1
yieldsign,1
sewt09,1
origamiangel,1
youngbox112,1
simoncowbellbruh,1
zotii,1
prodgunblade,1
pav2k,1
sacredmoneyboyz,1
plutokar,1
yunghbrand,1
popstarbenny-music,1
slowed_thoed_fbgm,1
poshisolation,1
rikuhs,1
richbrian,1
rhiannonshae,1
yungbruh1,1
reuploaderr,1
reserrvv,1
removeface,1
remo-drive,1
yungfazoo,1
prada-mane,1
pradabackondrugz,1
ravennagolden,1
rareliltracy,1
pretty-611930571,1
rare-rxssian,1
radicalbrain,1
yungbruhdiscog4,1
qlqlql,1
puddleheads53,1
yungcortex,1
psykkonaut,1
prodtwin,1
prodpitfall,1
riovas,1
yvngshoku,1
s7eelix,1
playboicarti,1
ryancfort,1
zacharywaltman,1
parisshadows,1
rxpapi-music,1
prodmh,1
runeskilled,1
peachy-lemon-864904912,1
rs2k,1
youthcult1995,1
ytridytrid,1
peelerr,1
rottgunn,1
yun-chxpo,1
rosesleeves,1
pierce-the-veil-music,1
pincode8485,1
roselyn-huang,1
pisssindividual,1
rollinthrax,1
rodolfo-sandino-2,1
planningforburial,1
riventhe2nd,1
riskat-635099109,1
ripmyfuneral,1
plastic-girl-in-closet,1
yung-cynical,1
ripbankroll,1
slitshyt,1
suicidal-idol,1
slowedclassics,1
user-434597321,1
user-371454497,1
user-37899681,1
vexxodus,1
user-396587862,1
user-418234941,1
user-427135167,1
vampstrr333,1
user-439370090,1
vnmpire,1
valenci00,1
user-441161625,1
val4sometime,1
user-44146252,1
user-459085443-534718086,1
user-462963944,1
user-491837806,1
user-366757523-948330388,1
user-36090459,1
xquisite-releases,1
user-203365376-491663494,1
user-143470277,1
user-157051350,1
user-157412163,1
user-159269827,1
user-161861304,1
user-17491462,1
user-194654885,1
user-216278318-73856380,1
user-356966513,1
user-295592565,1
user-29802311,1
user-306262264,1
walt777,1
user-327075400,1
w3bcam,1
user-3417259,1
v3ntus,1
user-51454919,1
user-526084883,1
user602129035,1
user-81662866,1
v0hrtex,1
uxbreon-o,1
user-832679705,1
user-855482448,1
userakura,1
user-856361186,1
user12369543,1
user-540330910,1
user-859677363,1
user-867719715,1
user-904165561,1
user-933983680-284713112,1
user-949411108,1
user-952844160,1
user-965164568,1
user-816373388,1
user-809127935,1
user-802106230,1
user-794263296,1
user-605144895,1
user-610902250,1
user-627676340-724428078,1
user-63914662,1
user-640107113,1
user-663863201,1
user-689121693-778110104,1
user-702739141,1
user-712228699,1
user-712991555,1
user-729184352-219683797,1
user-740620068,1
user-747260698,1
user-77579043,1
user-782878579,1
wenshenzi,1
user-133055418,1
user-124984784,1
swoosh516,1
summer_alone,1
sunny2point0,1
x5n7gcp8w8r1,1
superhell3000,1
superspurs2016,1
surfgang666,1
sweettrip,1
x10hdtv,1
tearsrunrings,1
sylendanna,1
wwoccstarr,1
szct,1
takwi-takwi,1
tana,1
tay-k47,1
taylor,1
subpop,1
stuckinboxxes,1
stop,1
stayshyne,1
sltted,1
xoxobunny,1
smokepurpp,1
xeorxiaaa,1
soicygoth,1
sojabrat,1
xdeadrosex,1
xaynixon,1
soulja-witch-33300761,1
souljaw1tch999,1
soundsfrmthedot,1
xangang-tm,1
spatial-manufacture-ltd,1
xanaway,1
x666jpg,1
teampark,1
techno_paw,1
user-106052728,1
true-widow,1
trendsongs,1
trilla_kid,1
trilon46,1
witchboy666,1
trippieredd,1
tris-sadowski,1
why3three,1
tuna-manufacture,1
tekkenplus,1
typebeatsource,1
uckheruck,1
whokilledxix,1
ulovely,1
uptownchavo,1
user-100118205-293072964,1
user-102877179-512432573,1
witchslagoon,1
treason,1
travis-scott-astro-world,1
tracy1k,1
wrlst,1
telephonecalls,1
tenshi333,1
tentacionfather,1
tenthousandmusic,1
thatboi_troubl3,1
thatkidkito,1
wolfkyd1,1
theyoungestvi,1
thisisduster,1
thorns9696,1
title-fight,1
wolfhasdied,1
totaldespair,1
with3rx,1
03osc,1
markiee900,1
nutribe_678,1
daniel_e36,1
cry2rhythm,1
cryosquad,1
crystal-castles,1
culpritdevice,1
curse_web,1
cybrdmp,1
d35thhh,1
d3m0nbby,1
deadtwerp,1
dreamivory,1
deathwoup,1
demo-disc,1
demonicrealityv3,1
dismal-118972636,1
dist004,1
dj-dataloss,1
djsnake,1
dougiechurnin,1
crtg01,1
crimekillz,1
craynn,1
craigxen,1
celestiiiia,1
cest_le_nerd,1
chaz-377358844,1
cherryslowed,1
chiefkeef,1
chlamidia,1
chriscantwin,1
chriskingsoundcloud,1
ckdnx,1
claireyotts,1
cloroxcobain,1
colellamas,1
cometesh,1
cooldude68686,1
corbinsrevenge,1
cosg,1
cq_jp,1
draedaskimask,1
dreamvillerecords,1
gorestar,1
foxxy-dekay,1
fabianaragon1,1
fardnem,1
father2006,1
fivefingerposse,1
flexlord443,1
flipsiide,1
foofighters,1
forestrunaways,1
friendlyfirerecordings,1
dredcollective,1
fuckkkankan,1
funeraldiner,1
gangleaks,1
gayboirodney,1
gladcarm,1
glassjawofficial,1
glory-boyy,1
glucer,1
eyerises_mix,1
exlunascientia,1
ex3junya,1
eviloct24,1
driplord6,1
drqconic_owl,1
drugsband,1
drwningx,1
dwarf-midget,1
dylannoir,1
dyva111,1
e7bxwoljngzl,1
earlee98,1
elusin-archive,1
emochanel,1
emogangmovement,1
emotionals,1
erice8,1
escorted,1
euphorizer,1
everythinggbc,1
ccottrill,1
canyouhearmequestionmark,1
burneraccountt,1
aidan-reed-696611195,1
7serene,1
88gusto,1
916frosty,1
93feetofsmoke,1
9548324932,1
99999hhaae,1
abslyrical,1
adhdboyz,1
airinaditya,1
bumshivbeats,1
aj-walker-2,1
ajsimons,1
akiikomau,1
akuma_no_kusa,1
alan-o-606596978,1
alice-gass,1
ally-232118998,1
allygold,1
7nightz,1
770rd,1
6yu8u,1
678uno,1
0ffthwall,1
0okini,1
0rch_id,1
138forever,1
16yrold,1
17castles,1
1yr,1
2003horror,1
313theimage,1
3713,1
39mm,1
409423u4242,1
4muchi,1
57f,1
5912,1
5vx,1
666kt666,1
aloegartenn,1
aloevine,1
alsoeris,1
bbputin,1
bennyblanco,1
blackcountrynewroad,1
blackkray,1
bliss3three-music,1
blisslip,1
bloodgemm,1
bloodidol,1
blxame,1
bodyontheshore,1
bodytide,1
boofbby,1
boolymon,1
boris-84246,1
boyfantasy,1
brigand-ca,1
brokenspiral,1
bryce-296806472,1
bedhead2001,1
bbgunblanket,1
alucidhuman,1
bbcicecream-eu,1
an-impecable-goon,1
angel-golden_guaps,1
apieceofsandinallthesand,1
archive-lol1,1
archivevrkl,1
ard1n,1
arjungutta,1
arnlddd,1
asianadam,1
astrobrite-music,1
austinnoble,1
ayfaint,1
ayylexxxxx,1
aziziyashar,1
baddcitizen,1
bandannasaint,1
bassboostandchill,1
gnr_nerd,1
grandjuug,1
numbsins,1
majinmaj,1
lsfuckingd,1
lunarscapex,1
lunsjboks,1
luvdigi,1
luxieluci,1
m1611,1
m1tgas,1
machinegunkelly,1
maknae,1
mazintoshplug,1
mandraa,1
mardy-bum505,1
marileigh-reed,1
mastercard2k,1
matt-james-133831314,1
matthew-r-934001028,1
maulbrah,1
maxcady033,1
lsd-11,1
lov-bug,1
losingworth,1
lonestarvoid,1
lilbeatandchill,1
lilcloth,1
lildvrkie,1
lilelixirpump,1
lillongschlong,1
lilnarnia,1
lilsadboiiudig,1
liltecca,1
liltracy3,1
liltracyvampire,1
lilycn_71,1
liquescimus,1
ljp2900,1
llaflaire,1
lllyric,1
loatheofficial,1
loli-gore,1
maxoxoxo,1
meisjaw,1
grindcoregaming,1
noahrenaissance,1
needle3,1
neptoonsss,1
nev_ver,1
new_spirit,1
ngavilanes,1
nickdonothing,1
niko-locochon,1
ninelivezzz,1
noahrepp,1
melvinonoza,1
noatnames,1
nodeathnodeath,1
norgates,1
nose6leed,1
nothingevenmattered,1
nothingnowheremusic,1
ntrsummrs,1
nu-scene,1
nb01793,1
nazuks,1
navmusic,1
nascararchives2223,1
members-only666,1
memeatode-the-boi,1
mentalvacation,1
midnight-parasiempre,1
mike-sparkss,1
miky-ru,1
miltowntoker,1
mimideathh,1
misakufoxx,1
missmorobby,1
mitsooya,1
mohamedwsaleem1999,1
mutedsilver,1
muterecords,1
myrlu,1
n0cturn4ls,1
naitourufu,1
lil-v-tay-swane,1
lil-playah,1
lestick59,1
int3rnet4ngel,1
ihatekami,1
ihylen,1
ihyreu,1
ilinx-art,1
iluvyuri,1
imdeemoo,1
imgonnadiealonelmao,1
infinitibeats,1
internetrodney,1
leanwrld,1
itsmontana99,1
izaya1,1
jacobnamath,1
jakalthedj,1
januaryyy,1
jasonvoorheezy,1
je55e1,1
jesus-enrique-6,1
icbijuice,1
ianndior,1
iange,1
humantorturer,1
gulshah,1
hannah-9000,1
hans-d-breivik,1
hateoryx,1
headaching,1
heartsayako,1
heartstopsyouwalkaway,1
hechoenflexico,1
helixtears,1
herefortheworst,1
hexxarchive_3,1
hey-itsnocturnal,1
highschoolreputation00,1
hitech-stef,1
hitechsulja01,1
holmholmholm,1
hotfreaks,1
johnuploads,1
jojiofficial,1
jorge-lara-551127076,1
killmexavi,1
kirathereaper,1
kiryanoo,1
kj-bowers,1
knyss,1
ko-itskoria,1
kodakc,1
kray2sick,1
krymzn,1
kurtains,1
kurxxedprynce,1
l-marr,1
l-spiro,1
l0wrennzo,1
lakesol,1
lamefucc,1
lapsihymy,1
last-leaf-down,1
kingstaccz17,1
kiffenbeatsrecords,1
jorge-pe-alver,1
kevinsavior,1
jorgehl-1,1
jovann-diaz,1
jpegmafia,1
jrhodespianist,1
jtslowed,1
juku2000,1
juniperfx,1
juzoisdead,1
jxxl3s,1
k777777,1
kademcalli,1
karasu2,1
karvn,1
kaspergem,1
katabeats2,1
kataramenosyndromo,1
kempachii,1
zstxza,1
